"1","68","2010-04-24 18:33:54"
"2","80","2021-12-26 22:50:50"
"3","15","1998-09-16 05:54:25"
"4","50","1991-06-05 21:59:21"
"5","41","1974-07-10 14:58:27"
"6","29","2021-02-19 11:32:51"
"7","77","1981-01-24 12:56:19"
"8","75","1998-12-27 11:36:16"
"9","98","1996-06-27 07:48:12"
"10","84","2005-12-03 12:51:23"
"11","13","2017-06-14 09:48:03"
"12","81","2012-04-06 21:12:35"
"13","16","1986-05-24 10:26:59"
"14","42","1977-11-17 05:49:52"
"15","0","1977-12-05 19:09:50"
"16","26","1984-03-29 22:42:30"
"17","83","2011-04-11 02:34:49"
"18","36","2012-04-16 09:13:36"
"19","5","1989-06-01 10:52:04"
"20","89","2010-03-26 02:15:58"
"21","66","2010-08-31 01:48:10"
"22","83","1991-10-26 23:23:18"
"23","71","2007-08-01 23:46:07"
"24","70","1979-01-31 14:05:13"
"25","63","1990-02-03 11:27:42"
"26","22","2016-08-13 21:07:06"
"27","42","2008-05-18 15:26:23"
"28","9","2013-10-04 06:17:46"
"29","42","2015-08-22 18:16:14"
"30","80","2020-06-18 09:31:18"
"31","88","2005-01-26 13:04:04"
"32","59","1989-12-26 22:59:14"
"33","25","1972-11-15 15:09:11"
"34","29","2001-10-18 03:37:05"
"35","27","1985-10-29 15:05:42"
"36","26","1970-08-10 03:38:58"
"37","47","1995-06-06 08:20:53"
"38","52","1994-02-21 00:39:17"
"39","29","1992-08-15 21:19:05"
"40","35","1994-12-06 08:41:47"
"41","64","2013-08-03 09:48:22"
"42","4","1980-01-08 19:47:11"
"43","35","2010-04-28 10:32:22"
"44","58","2003-04-26 19:13:23"
"45","19","1993-12-29 22:21:38"
"46","41","1976-03-24 12:26:48"
"47","20","1993-03-03 07:03:21"
"48","15","1977-10-30 19:46:56"
"49","35","2021-01-12 00:14:28"
"50","44","1983-09-04 17:07:18"
"51","18","1993-06-18 22:56:03"
"52","20","1992-01-13 09:57:01"
"53","78","1982-01-19 22:52:18"
"54","34","1988-08-11 22:46:40"
"55","81","1990-11-09 17:56:08"
"56","27","2013-08-11 22:05:07"
"57","23","1998-06-03 13:40:05"
"58","85","2016-01-28 06:43:18"
"59","17","1975-02-28 17:54:53"
"60","97","1982-08-30 08:49:50"
"61","75","1996-10-19 12:15:24"
"62","52","1993-07-03 04:51:21"
"63","69","2022-06-18 00:54:27"
"64","26","2003-05-16 01:30:44"
"65","5","1999-07-13 05:57:09"
"66","49","2019-01-06 23:10:42"
"67","41","1992-06-25 22:13:30"
"68","11","1997-02-22 05:20:31"
"69","20","1981-05-18 22:20:16"
"70","85","1996-01-16 21:49:16"
"71","57","1975-03-09 19:19:41"
"72","14","2013-04-14 05:14:46"
"73","46","1974-06-19 11:52:13"
"74","58","2014-08-28 05:12:20"
"75","72","2011-09-08 21:30:00"
"76","9","2019-07-01 09:51:13"
"77","93","2001-08-01 18:38:41"
"78","46","2001-09-24 00:54:43"
"79","63","1998-09-27 19:08:25"
"80","11","1973-06-17 02:44:41"
"81","82","1988-04-04 09:41:43"
"82","79","1971-05-31 06:27:31"
"83","95","1976-04-09 06:24:27"
"84","19","1993-05-14 10:29:30"
"85","90","1995-12-01 22:15:36"
"86","59","1991-07-09 20:21:17"
"87","85","1976-05-06 07:51:36"
"88","10","1976-03-31 23:32:45"
"89","24","2012-09-18 03:15:46"
"90","57","1991-12-17 16:09:28"
"91","81","1979-05-01 09:16:40"
"92","80","2007-11-20 05:02:06"
"93","9","1983-11-28 22:28:38"
"94","71","1994-06-29 09:58:47"
"95","42","2017-02-03 02:39:55"
"96","54","1989-04-13 20:25:29"
"97","39","2021-01-01 19:37:06"
"98","53","1977-01-15 03:23:48"
"99","51","1982-03-02 02:40:14"
"100","30","2018-01-07 20:35:31"
"101","38","2023-02-03 22:49:45"
"102","57","1973-08-21 14:44:31"
"103","26","2012-09-27 00:18:22"
"104","59","2004-10-16 08:34:37"
"105","6","2021-05-10 22:12:43"
"106","41","1982-06-05 21:05:40"
"107","12","1976-02-28 07:34:58"
"108","84","2003-03-01 09:06:19"
"109","44","1979-03-21 19:30:55"
"110","42","1981-05-08 06:24:08"
"111","13","2004-06-19 11:48:46"
"112","92","1988-07-30 18:07:53"
"113","9","1981-06-19 07:17:15"
"114","18","1983-08-24 19:07:28"
"115","64","2018-04-23 21:49:20"
"116","71","2006-10-27 13:16:36"
"117","63","1985-07-26 17:54:05"
"118","45","2015-12-11 17:53:24"
"119","83","2000-07-28 18:46:36"
"120","13","2007-03-03 13:25:18"
"121","71","1986-12-13 19:07:02"
"122","47","2000-05-03 11:24:59"
"123","33","1987-01-18 16:17:38"
"124","17","1975-03-21 13:34:47"
"125","94","1985-05-19 08:09:54"
"126","17","1989-12-13 23:24:21"
"127","9","2004-11-06 17:05:14"
"128","9","2005-07-24 23:28:48"
"129","52","1992-02-18 02:55:03"
"130","78","2002-03-31 01:25:20"
"131","56","1990-01-12 00:00:13"
"132","38","1974-01-28 14:35:49"
"133","17","2000-03-17 09:37:12"
"134","74","1994-05-12 08:06:49"
"135","84","1985-08-16 02:06:02"
"136","77","2007-05-30 03:13:29"
"137","29","2011-04-23 18:19:18"
"138","43","2022-05-10 21:29:01"
"139","57","2005-10-29 04:54:53"
"140","47","2000-05-06 14:46:32"
"141","61","1994-06-15 06:12:25"
"142","25","2020-08-05 21:31:44"
"143","11","1974-02-17 21:21:00"
"144","96","1975-02-25 04:10:28"
"145","80","1988-03-19 00:05:11"
"146","4","2008-06-21 02:17:30"
"147","14","1994-05-10 17:41:27"
"148","73","2009-12-02 10:26:29"
"149","61","1972-09-18 03:03:06"
"150","28","1972-09-07 04:10:51"
"151","93","1995-11-28 10:52:20"
"152","44","1973-12-23 22:54:40"
"153","52","2003-04-02 06:10:17"
"154","2","1979-10-07 00:36:05"
"155","4","1997-04-28 20:21:43"
"156","7","1985-01-10 16:13:36"
"157","51","1977-11-06 01:18:28"
"158","27","2007-10-08 19:13:47"
"159","63","1992-08-28 07:03:00"
"160","9","1981-09-05 12:51:36"
"161","42","1996-07-04 15:38:25"
"162","79","2022-06-04 13:00:29"
"163","9","1995-09-20 05:25:24"
"164","76","1972-01-30 06:45:17"
"165","91","1976-11-23 18:01:06"
"166","3","1991-06-04 08:51:37"
"167","89","1993-09-14 10:54:17"
"168","18","1982-01-11 10:14:23"
"169","74","2019-09-29 02:42:02"
"170","36","1999-08-13 22:23:46"
"171","4","1978-03-17 19:56:24"
"172","8","1981-10-08 00:52:05"
"173","8","1992-03-28 07:06:58"
"174","34","1975-02-05 11:20:18"
"175","5","1993-01-29 09:24:41"
"176","66","1998-09-14 18:31:30"
"177","8","2010-01-19 02:54:57"
"178","75","2023-05-11 08:51:37"
"179","90","1986-01-10 09:47:14"
"180","53","1998-10-16 08:38:12"
"181","77","2009-02-12 22:59:54"
"182","83","2023-08-25 19:30:40"
"183","80","1971-10-19 12:22:39"
"184","95","1972-10-09 13:23:24"
"185","13","2011-11-17 01:45:37"
"186","35","2016-05-31 19:02:06"
"187","5","1974-07-20 08:19:12"
"188","29","1990-12-12 14:04:47"
"189","65","2018-05-27 04:01:08"
"190","89","2003-11-28 05:14:02"
"191","8","2007-07-21 01:12:11"
"192","58","1977-05-07 07:50:36"
"193","99","1980-12-03 05:36:50"
"194","27","2016-03-30 00:23:15"
"195","58","1993-08-06 23:16:21"
"196","77","2020-03-13 00:46:09"
"197","76","1989-01-19 00:26:14"
"198","95","2016-03-15 04:15:41"
"199","27","1981-11-22 15:34:45"
"200","44","1982-09-11 22:41:57"
"201","31","2005-07-01 12:09:57"
"202","94","2018-02-10 13:03:56"
"203","8","1990-11-02 04:02:42"
"204","68","2020-09-09 07:56:41"
"205","67","2021-06-23 21:40:23"
"206","43","1990-02-25 12:03:26"
"207","93","2009-10-02 22:41:58"
"208","73","2012-10-13 22:22:00"
"209","80","1974-08-23 23:46:09"
"210","53","2014-12-24 23:01:06"
"211","83","2012-07-15 13:54:38"
"212","95","1988-08-06 12:41:32"
"213","61","1999-10-08 20:19:09"
"214","36","2006-01-15 06:57:18"
"215","62","2009-04-16 23:48:14"
"216","43","2015-02-21 14:02:57"
"217","36","2022-08-22 21:36:50"
"218","99","2020-10-19 23:18:02"
"219","94","2006-03-17 03:54:27"
"220","74","1987-03-14 18:58:17"
"221","39","2008-07-20 12:19:58"
"222","87","2009-03-15 03:57:26"
"223","83","2019-07-12 18:02:14"
"224","58","2018-03-29 01:43:17"
"225","29","2011-08-10 06:32:47"
"226","4","2008-11-11 19:53:39"
"227","95","2003-01-06 17:23:18"
"228","17","1989-11-25 17:54:42"
"229","48","1990-05-14 03:23:06"
"230","88","2004-12-14 16:59:33"
"231","59","1990-12-16 03:36:59"
"232","72","2017-12-25 03:19:01"
"233","52","1981-05-09 08:52:53"
"234","75","2002-04-04 09:21:34"
"235","59","1996-11-25 16:23:35"
"236","90","1977-01-26 17:17:28"
"237","12","2006-02-12 13:55:23"
"238","96","1972-09-08 18:05:57"
"239","60","1998-06-08 21:38:39"
"240","19","2018-04-13 06:29:18"
"241","66","1987-11-27 21:05:12"
"242","38","2010-09-06 23:52:38"
"243","49","2016-05-03 12:09:45"
"244","53","2001-10-29 14:13:34"
"245","36","2008-11-19 18:20:21"
"246","50","1982-02-28 17:11:08"
"247","42","2012-11-24 17:59:34"
"248","96","2011-09-14 04:29:43"
"249","86","1998-07-07 14:11:18"
"250","6","2022-11-05 17:30:56"
"251","7","2005-10-15 20:33:13"
"252","61","1996-09-21 22:06:11"
"253","58","1971-01-13 16:51:21"
"254","19","2003-12-03 13:26:42"
"255","35","1983-03-22 06:53:32"
"256","18","1970-04-07 05:11:28"
"257","94","2018-10-22 19:45:21"
"258","12","2004-03-02 18:01:55"
"259","84","1970-07-23 07:50:06"
"260","89","2008-11-19 23:05:41"
"261","67","1988-10-18 13:34:43"
"262","94","1978-08-19 17:42:33"
"263","23","2004-11-07 01:31:38"
"264","29","2008-12-25 09:20:41"
"265","58","2000-08-27 18:15:38"
"266","86","1993-09-28 04:37:45"
"267","32","1985-12-26 15:35:51"
"268","70","1996-05-03 04:27:34"
"269","88","1978-04-12 12:08:25"
"270","22","1996-06-22 08:04:15"
"271","99","1979-05-30 00:07:17"
"272","0","1993-05-31 05:31:03"
"273","15","2014-11-20 00:54:27"
"274","72","2013-10-07 03:24:49"
"275","88","2022-01-22 16:01:01"
"276","19","1984-07-11 06:19:30"
"277","1","1979-11-02 11:35:26"
"278","75","1974-04-16 17:22:52"
"279","95","1970-12-20 18:42:36"
"280","38","1973-01-06 14:34:31"
"281","21","1991-03-01 20:48:17"
"282","75","2022-01-06 01:34:32"
"283","87","2017-02-19 12:23:03"
"284","95","2016-09-08 00:46:47"
"285","64","1997-09-22 21:33:27"
"286","97","2004-02-25 08:54:54"
"287","58","1980-08-28 22:42:08"
"288","43","2012-01-31 04:57:12"
"289","30","2011-03-09 22:33:08"
"290","32","1983-02-01 19:51:50"
"291","80","1979-02-24 10:59:39"
"292","75","1984-12-03 08:00:37"
"293","59","1976-07-31 10:23:14"
"294","58","2003-08-25 09:58:54"
"295","86","2014-08-30 02:05:27"
"296","66","1991-07-15 06:41:12"
"297","69","2010-03-31 10:03:20"
"298","82","1989-03-09 16:49:34"
"299","90","1997-01-12 18:33:27"
"300","60","1980-04-20 13:29:51"
"301","38","1974-10-30 00:01:56"
"302","71","2023-05-31 11:14:59"
"303","53","2023-09-24 02:39:36"
"304","51","1986-05-22 11:36:15"
"305","98","2005-09-22 03:20:07"
"306","98","1986-06-23 10:34:10"
"307","1","1986-03-29 05:57:22"
"308","85","1991-05-12 23:24:04"
"309","79","2012-05-25 19:27:55"
"310","95","2000-05-18 20:08:55"
"311","23","2003-05-22 12:21:25"
"312","58","2006-10-09 04:26:01"
"313","46","1988-11-15 00:37:41"
"314","95","1989-12-04 11:08:07"
"315","22","1970-12-14 13:25:02"
"316","72","1988-12-02 02:17:54"
"317","94","2022-05-04 03:11:38"
"318","60","2015-09-25 23:20:03"
"319","60","1972-05-16 18:27:58"
"320","40","2011-11-29 21:13:23"
"321","59","2006-09-19 23:03:11"
"322","78","1977-09-24 12:28:03"
"323","84","2018-02-25 00:17:33"
"324","47","1971-05-27 06:56:24"
"325","88","2022-02-27 08:47:54"
"326","72","1978-07-15 03:46:35"
"327","16","2005-06-10 02:34:40"
"328","35","1976-10-28 15:15:47"
"329","9","2019-06-24 12:11:06"
"330","57","1979-08-27 08:14:05"
"331","42","2002-08-17 14:03:05"
"332","69","1988-09-02 06:48:54"
"333","22","1984-11-26 19:51:23"
"334","50","2017-12-27 03:15:51"
"335","37","1987-09-09 21:35:50"
"336","4","1981-03-17 08:10:25"
"337","14","2021-02-10 22:31:35"
"338","34","1970-07-12 00:54:44"
"339","12","1994-03-07 02:38:36"
"340","4","1971-01-10 15:57:24"
"341","74","1981-12-23 04:10:25"
"342","80","2014-11-23 02:27:32"
"343","24","1998-08-27 14:24:19"
"344","17","2019-01-29 22:17:17"
"345","95","2019-03-29 03:07:20"
"346","76","2019-06-12 16:46:12"
"347","0","2015-11-20 17:22:29"
"348","81","1981-01-04 23:45:14"
"349","24","1990-09-04 15:52:55"
"350","48","2007-07-12 22:31:10"
"351","36","1989-11-26 05:24:41"
"352","20","1970-04-06 06:36:09"
"353","6","2002-10-03 04:22:28"
"354","93","1983-03-15 05:42:11"
"355","25","1979-11-11 19:43:46"
"356","25","2007-10-20 15:09:07"
"357","70","1973-11-29 19:59:05"
"358","8","1978-08-16 05:32:13"
"359","77","2012-02-08 03:17:36"
"360","5","2004-09-08 13:19:53"
"361","43","1994-03-29 10:55:00"
"362","19","1988-07-21 06:39:47"
"363","84","1976-04-13 16:51:08"
"364","32","1973-11-04 20:24:11"
"365","69","2003-05-12 05:38:53"
"366","70","1994-10-09 06:44:41"
"367","17","2009-02-01 10:20:42"
"368","44","2010-09-19 05:12:20"
"369","10","1996-06-16 09:17:10"
"370","93","2000-01-01 02:58:38"
"371","35","1990-06-27 22:43:47"
"372","51","2001-11-22 14:30:44"
"373","54","1977-12-19 16:56:13"
"374","77","1973-09-12 01:56:35"
"375","83","2018-02-03 09:01:32"
"376","10","2014-02-20 00:39:33"
"377","21","1989-12-31 23:10:08"
"378","30","1990-04-22 17:53:58"
"379","88","1984-10-13 06:25:05"
"380","72","1975-05-07 10:15:19"
"381","18","2004-03-17 09:52:18"
"382","33","1974-10-18 19:01:54"
"383","32","1998-06-17 10:48:30"
"384","13","1971-10-17 06:00:46"
"385","16","2010-12-25 03:27:38"
"386","76","2004-10-14 09:56:05"
"387","19","2010-05-24 23:18:28"
"388","15","1978-06-16 06:44:09"
"389","31","2019-09-12 16:40:18"
"390","79","2000-10-03 12:33:14"
"391","86","1999-12-23 09:47:07"
"392","93","2014-12-05 07:23:45"
"393","91","1992-01-31 13:16:41"
"394","4","1993-10-20 19:22:08"
"395","47","1999-01-07 09:06:52"
"396","43","1990-06-30 08:01:43"
"397","30","2004-06-09 08:45:02"
"398","73","2001-05-10 15:50:34"
"399","14","2011-09-15 18:42:22"
"400","58","1975-10-21 07:40:59"
"401","78","1998-04-04 22:24:46"
"402","92","1984-11-15 00:45:24"
"403","95","1987-11-11 04:07:09"
"404","19","1974-02-20 15:46:16"
"405","89","2005-08-09 07:49:33"
"406","39","1978-09-20 02:47:09"
"407","12","1987-11-20 03:56:43"
"408","77","1996-03-31 06:52:32"
"409","89","1973-08-18 12:50:25"
"410","61","1973-01-21 19:33:55"
"411","99","1971-11-11 01:28:50"
"412","43","1970-01-26 07:07:09"
"413","36","1991-08-02 09:00:40"
"414","68","1970-06-16 11:54:39"
"415","50","1985-03-10 19:30:19"
"416","23","2010-05-20 00:30:11"
"417","6","2009-03-06 16:29:35"
"418","55","2011-12-26 20:03:58"
"419","43","2017-02-19 22:55:54"
"420","21","2014-06-02 02:28:13"
"421","82","1985-01-04 07:06:06"
"422","10","1974-12-25 15:02:03"
"423","10","1985-04-19 14:41:04"
"424","15","2008-04-24 20:03:41"
"425","31","1995-07-10 23:07:02"
"426","1","1970-09-22 17:10:15"
"427","70","1992-09-21 01:17:50"
"428","82","2017-12-23 06:47:20"
"429","87","2005-04-01 20:28:36"
"430","71","2004-08-15 12:37:42"
"431","34","1984-04-30 18:22:36"
"432","23","1975-02-06 20:19:30"
"433","92","1976-10-02 00:47:48"
"434","79","1993-06-14 02:30:02"
"435","66","1979-02-28 08:28:30"
"436","32","2011-03-13 01:03:34"
"437","90","1977-01-27 03:06:48"
"438","97","2005-07-09 13:16:54"
"439","75","2009-02-25 03:19:14"
"440","32","2013-07-12 09:53:42"
"441","24","2005-09-02 09:05:23"
"442","43","2006-05-01 18:08:07"
"443","14","1994-08-09 20:29:05"
"444","35","1997-12-28 05:25:27"
"445","99","1970-01-28 17:45:24"
"446","13","2010-09-26 01:07:48"
"447","54","1980-02-04 18:52:22"
"448","2","2012-09-28 20:18:13"
"449","51","2007-02-03 20:07:10"
"450","14","1991-09-12 16:24:40"
"451","41","1996-11-07 02:07:10"
"452","72","2014-06-10 10:27:11"
"453","98","1997-02-20 20:56:59"
"454","99","1999-09-22 05:27:54"
"455","27","1987-07-25 18:05:14"
"456","67","2020-01-04 19:23:57"
"457","29","1991-05-14 05:53:06"
"458","73","2019-06-17 17:14:50"
"459","61","1971-06-26 08:38:53"
"460","49","1984-03-11 11:26:40"
"461","47","1977-05-04 01:17:09"
"462","42","1978-10-12 18:39:31"
"463","14","2020-12-29 07:15:56"
"464","93","2017-09-04 11:19:58"
"465","79","2000-08-25 17:28:15"
"466","72","2011-01-27 13:10:34"
"467","35","1992-10-20 01:00:36"
"468","19","2013-03-13 18:51:45"
"469","39","2019-09-04 16:29:43"
"470","55","2019-12-18 02:39:06"
"471","89","2019-06-13 02:36:30"
"472","99","2015-08-29 15:13:30"
"473","28","2021-01-05 12:17:03"
"474","16","1998-09-25 02:21:09"
"475","31","2019-08-16 17:26:06"
"476","11","1987-11-02 22:28:53"
"477","12","1989-03-08 09:24:59"
"478","70","1975-10-19 20:25:17"
"479","93","2010-11-11 02:44:59"
"480","12","1987-05-13 01:09:14"
"481","92","1985-07-09 09:38:09"
"482","70","1973-12-09 06:53:32"
"483","88","1992-06-26 21:12:50"
"484","88","1972-12-17 20:30:10"
"485","12","1974-09-02 12:23:47"
"486","60","1987-07-15 03:09:12"
"487","39","1977-06-03 00:36:47"
"488","15","1996-03-31 18:12:34"
"489","81","1995-10-08 09:46:04"
"490","66","1980-08-01 07:21:07"
"491","78","2020-07-26 11:12:50"
"492","31","2011-03-03 01:15:22"
"493","52","1996-02-27 12:59:58"
"494","82","1983-07-25 12:22:48"
"495","0","1993-06-11 17:11:44"
"496","99","1983-04-23 01:30:35"
"497","94","1972-04-23 02:50:39"
"498","84","1976-02-26 16:49:13"
"499","45","2005-10-19 00:16:14"
"500","85","1987-07-04 01:47:54"
"501","7","1971-11-05 07:42:10"
"502","29","1988-09-03 10:05:51"
"503","76","1979-04-05 18:14:13"
"504","35","1971-11-11 23:01:50"
"505","85","2019-07-22 06:35:54"
"506","40","1971-10-28 04:18:25"
"507","69","2019-03-30 10:56:12"
"508","69","1979-12-15 06:18:13"
"509","11","1978-02-23 10:45:54"
"510","51","1986-09-26 21:43:34"
"511","14","1974-05-09 04:41:12"
"512","50","1991-09-26 23:42:19"
"513","2","2010-07-16 10:55:53"
"514","85","1991-03-21 05:40:00"
"515","36","2011-05-07 06:33:39"
"516","27","1982-05-08 22:14:08"
"517","67","1981-12-12 04:49:19"
"518","62","1986-02-15 12:38:51"
"519","58","2012-11-05 04:32:48"
"520","88","2001-09-11 05:44:19"
"521","38","2022-09-04 07:06:37"
"522","25","1977-02-07 17:32:36"
"523","21","2018-01-14 08:13:07"
"524","35","2016-03-12 03:42:05"
"525","32","1980-04-18 16:23:45"
"526","0","1978-03-29 09:04:48"
"527","21","1990-03-11 19:29:27"
"528","62","1970-02-24 03:05:24"
"529","20","2017-02-20 13:45:29"
"530","12","2023-01-31 23:51:24"
"531","42","1989-09-23 02:53:33"
"532","43","2008-12-20 14:38:49"
"533","12","1973-06-05 07:38:58"
"534","60","1974-01-29 14:59:33"
"535","73","1978-03-07 00:09:24"
"536","51","2018-10-04 15:07:33"
"537","58","2021-01-17 03:46:37"
"538","79","1980-12-23 10:39:06"
"539","45","1996-06-20 11:14:54"
"540","81","2009-12-09 18:13:49"
"541","92","1971-04-08 10:26:12"
"542","64","1984-12-22 20:49:51"
"543","90","1983-01-09 12:53:37"
"544","57","1989-01-31 15:54:01"
"545","27","1993-06-01 11:49:19"
"546","59","2001-04-06 13:38:35"
"547","4","2008-11-23 00:43:10"
"548","30","2012-03-19 01:01:10"
"549","26","1997-08-27 18:06:03"
"550","25","1973-09-09 15:45:02"
"551","77","1988-10-20 06:47:56"
"552","18","2001-07-23 17:01:17"
"553","71","1998-09-12 08:40:19"
"554","90","1983-06-05 04:37:40"
"555","52","2017-02-17 20:10:57"
"556","80","2004-04-15 23:39:21"
"557","51","1985-03-28 20:57:14"
"558","32","2011-11-12 00:26:00"
"559","96","1985-12-04 15:48:47"
"560","34","2016-08-04 07:53:05"
"561","51","1985-07-17 04:29:38"
"562","6","2017-11-20 20:51:53"
"563","72","1981-10-16 02:59:33"
"564","87","1988-02-04 23:12:47"
"565","25","1996-03-27 11:26:27"
"566","55","1995-01-31 16:24:48"
"567","2","2006-12-18 07:44:55"
"568","26","2000-04-02 03:04:02"
"569","42","2020-12-21 04:04:57"
"570","40","1973-03-07 09:51:18"
"571","43","2002-07-23 15:26:48"
"572","70","2011-04-14 10:35:35"
"573","89","1980-01-02 19:43:11"
"574","15","1972-06-16 04:36:49"
"575","68","2023-12-06 04:25:35"
"576","42","1973-04-12 14:52:38"
"577","91","2001-12-16 21:11:01"
"578","50","1995-04-24 02:48:37"
"579","31","2000-05-20 05:51:01"
"580","38","1982-05-01 20:09:38"
"581","42","2016-01-27 09:55:12"
"582","91","2014-01-04 09:39:00"
"583","12","1972-04-25 11:46:54"
"584","27","2005-08-31 09:12:47"
"585","85","1989-04-04 03:20:54"
"586","7","1980-08-31 22:37:43"
"587","73","1972-01-18 20:52:38"
"588","44","1980-10-11 14:35:59"
"589","12","2004-01-05 16:48:52"
"590","5","1995-07-22 09:40:21"
"591","22","1981-10-13 22:51:57"
"592","88","2005-08-10 00:23:47"
"593","73","1994-08-09 21:46:17"
"594","66","1999-02-19 01:05:34"
"595","52","1972-06-19 20:09:17"
"596","65","1983-08-31 13:05:00"
"597","65","1980-01-30 05:04:25"
"598","33","1995-09-27 13:27:45"
"599","66","1985-02-13 14:13:41"
"600","96","2000-07-21 04:38:21"
"601","22","1985-11-15 01:07:46"
"602","65","2015-01-07 16:44:48"
"603","7","1995-05-28 03:48:06"
"604","15","1971-07-16 02:54:26"
"605","20","2017-04-20 16:26:28"
"606","93","2004-12-12 07:30:25"
"607","24","1971-05-20 21:09:06"
"608","42","1975-06-23 04:49:39"
"609","42","2011-04-20 03:13:15"
"610","70","1983-03-11 00:06:00"
"611","90","1974-02-04 22:57:09"
"612","92","1989-02-11 22:46:32"
"613","7","1976-01-09 22:29:06"
"614","55","2015-11-10 09:25:26"
"615","42","1981-01-22 06:57:20"
"616","60","2019-08-27 01:00:15"
"617","16","1972-03-17 01:02:19"
"618","53","1976-10-31 06:33:23"
"619","46","1986-08-17 17:57:59"
"620","35","1995-02-13 23:00:36"
"621","99","1977-08-04 17:51:22"
"622","86","2000-01-08 23:30:59"
"623","22","1983-12-13 17:31:50"
"624","63","1987-04-24 19:30:48"
"625","64","1976-03-03 05:23:29"
"626","84","1974-02-01 05:35:23"
"627","1","1977-05-31 19:33:03"
"628","51","1978-08-01 07:34:18"
"629","53","1971-10-04 06:19:35"
"630","25","1970-09-25 03:59:08"
"631","9","2008-12-17 03:54:04"
"632","27","2020-10-16 02:57:45"
"633","86","1970-08-18 13:34:38"
"634","73","1977-08-22 10:34:38"
"635","92","2008-10-21 17:27:49"
"636","99","1994-09-24 05:22:12"
"637","59","1996-02-27 09:03:36"
"638","76","2001-08-27 01:59:15"
"639","54","2003-11-09 01:20:20"
"640","63","2017-01-03 15:14:36"
"641","17","2001-10-29 18:47:29"
"642","87","2023-03-03 08:45:38"
"643","99","1988-05-12 12:16:08"
"644","50","1982-01-25 18:55:07"
"645","64","2016-03-04 17:38:47"
"646","25","1981-07-06 06:33:19"
"647","87","1982-06-26 11:09:36"
"648","7","1980-04-08 21:49:34"
"649","81","2022-12-26 13:16:11"
"650","52","1989-12-18 06:38:28"
"651","67","1972-10-01 02:17:22"
"652","45","1991-10-14 00:06:00"
"653","4","1993-08-20 22:03:53"
"654","56","2023-04-29 20:21:21"
"655","28","1997-02-18 15:48:37"
"656","99","1988-12-04 08:41:19"
"657","52","1989-01-13 05:19:30"
"658","46","2016-08-19 11:46:30"
"659","41","2021-09-08 06:17:51"
"660","71","1982-04-15 00:08:29"
"661","46","1971-03-30 09:11:56"
"662","23","1989-12-26 08:50:55"
"663","77","1979-06-29 20:00:24"
"664","56","1983-09-20 11:46:01"
"665","28","2016-06-04 13:47:00"
"666","3","2013-09-14 14:01:19"
"667","88","1995-07-25 10:46:38"
"668","68","1971-09-23 06:56:12"
"669","91","1995-01-11 01:37:38"
"670","95","1996-01-06 23:43:03"
"671","22","2015-04-12 18:07:19"
"672","66","1985-02-20 05:17:54"
"673","50","1995-11-22 20:05:08"
"674","13","2011-03-08 01:05:31"
"675","46","1989-07-10 00:45:07"
"676","51","1975-12-19 18:10:04"
"677","14","2009-03-14 03:34:02"
"678","54","1974-08-01 16:41:08"
"679","96","1988-05-24 20:18:32"
"680","76","1979-02-26 11:40:48"
"681","84","1982-07-31 05:23:58"
"682","86","1993-05-02 16:13:55"
"683","30","2009-09-27 08:43:45"
"684","39","1988-02-08 11:29:13"
"685","40","2006-04-07 18:02:43"
"686","10","1981-05-31 20:45:39"
"687","81","2015-12-10 17:22:56"
"688","13","1987-06-21 12:37:14"
"689","41","2010-05-22 05:55:37"
"690","21","1990-06-21 03:54:44"
"691","1","1992-07-30 01:15:26"
"692","11","1996-08-10 08:02:00"
"693","42","1983-08-09 00:12:57"
"694","71","2010-09-24 11:14:36"
"695","24","2017-07-01 06:24:19"
"696","47","2011-01-11 23:44:07"
"697","82","1971-12-17 14:51:58"
"698","89","1991-09-07 08:01:26"
"699","91","1979-11-06 03:49:20"
"700","95","1982-06-19 19:26:45"
"701","79","1981-12-21 09:55:09"
"702","1","2016-10-09 17:46:35"
"703","73","1976-04-27 16:57:46"
"704","74","1999-01-25 10:01:34"
"705","42","1975-04-08 02:23:01"
"706","85","1972-12-31 22:42:22"
"707","88","1985-11-17 06:15:25"
"708","45","2020-01-21 14:19:46"
"709","90","2020-09-02 19:53:50"
"710","1","2003-03-18 22:11:09"
"711","11","1981-07-19 10:47:21"
"712","61","1970-12-04 18:55:32"
"713","28","2004-08-20 15:29:04"
"714","70","1975-01-08 18:20:54"
"715","85","2001-12-30 07:55:55"
"716","89","2002-07-26 06:01:46"
"717","56","2004-08-01 19:05:05"
"718","89","1997-03-11 19:45:35"
"719","16","2005-04-06 03:32:24"
"720","27","1977-06-08 09:14:49"
"721","52","1975-03-16 09:22:01"
"722","82","2022-01-31 22:22:23"
"723","1","2001-09-04 16:59:51"
"724","6","1971-05-05 14:29:12"
"725","64","2012-12-06 12:24:04"
"726","93","1976-08-11 13:52:47"
"727","4","2013-06-19 15:43:04"
"728","64","2011-07-26 23:10:15"
"729","90","2015-11-15 04:40:32"
"730","69","1994-06-11 04:10:03"
"731","32","2019-05-05 12:24:00"
"732","76","2008-06-15 20:32:25"
"733","99","2023-09-01 10:41:35"
"734","60","2017-08-31 15:07:03"
"735","35","1999-10-12 11:30:55"
"736","3","1975-09-17 08:09:14"
"737","71","2020-10-07 03:42:49"
"738","14","2008-11-20 03:04:22"
"739","88","1975-05-12 09:23:09"
"740","33","1999-08-26 04:32:31"
"741","70","1973-07-04 03:56:40"
"742","90","1973-11-29 15:16:05"
"743","66","2003-02-26 13:09:28"
"744","61","1997-08-18 02:20:26"
"745","90","1986-11-30 10:01:44"
"746","76","1972-04-18 06:08:28"
"747","35","2023-01-15 17:39:14"
"748","57","1984-12-06 19:07:03"
"749","26","1987-03-27 21:06:51"
"750","3","1996-01-06 13:23:18"
"751","12","2019-02-23 22:05:24"
"752","79","1987-12-02 20:04:07"
"753","72","2006-09-18 14:49:13"
"754","10","2016-04-08 13:47:22"
"755","53","2015-12-14 15:41:53"
"756","94","2014-09-12 00:26:57"
"757","8","2004-05-24 22:27:38"
"758","73","1984-10-31 15:56:03"
"759","73","1977-04-05 06:13:18"
"760","25","2015-02-10 03:14:09"
"761","14","1984-10-19 17:38:13"
"762","56","1970-11-15 09:43:34"
"763","77","1973-10-28 16:37:32"
"764","89","1998-12-22 04:03:28"
"765","65","1972-11-06 21:42:33"
"766","38","1974-03-03 00:28:27"
"767","4","1980-03-04 18:14:38"
"768","77","2018-09-02 02:01:05"
"769","46","2018-08-18 05:07:09"
"770","96","2017-09-14 05:48:05"
"771","40","2009-12-12 07:16:05"
"772","13","1976-01-15 21:41:34"
"773","56","2002-09-03 16:54:38"
"774","93","2012-11-30 06:57:08"
"775","41","1999-01-11 19:00:47"
"776","22","2004-07-31 17:52:20"
"777","16","1993-02-14 01:54:15"
"778","87","2013-02-27 23:03:48"
"779","55","1982-04-19 03:12:01"
"780","96","1995-04-16 01:26:37"
"781","17","2002-10-21 15:20:05"
"782","45","1975-08-21 07:48:08"
"783","75","1970-05-26 11:43:58"
"784","16","2003-02-22 18:39:42"
"785","58","2010-01-31 12:49:39"
"786","2","1994-03-31 14:35:12"
"787","78","1987-07-10 15:45:28"
"788","97","2017-05-31 06:34:02"
"789","37","1998-07-07 10:01:20"
"790","10","1997-02-21 02:35:43"
"791","87","1978-03-25 19:17:01"
"792","62","2003-04-12 23:40:33"
"793","18","2001-11-14 15:30:50"
"794","69","2011-04-26 07:20:35"
"795","87","1987-01-23 04:14:15"
"796","43","1985-05-08 00:29:43"
"797","88","2007-11-23 09:05:21"
"798","26","1973-04-23 10:35:38"
"799","60","1972-10-10 03:47:17"
"800","77","1979-01-02 14:50:24"
"801","98","2012-11-28 12:46:46"
"802","5","2000-05-12 10:15:05"
"803","80","1995-04-12 00:14:30"
"804","39","2016-09-20 20:39:01"
"805","54","2018-12-11 13:43:00"
"806","53","1971-04-06 04:04:19"
"807","79","2017-05-13 06:55:31"
"808","42","1998-03-22 18:28:01"
"809","93","2003-01-17 23:14:02"
"810","99","1995-03-04 10:56:34"
"811","95","1971-07-04 06:36:10"
"812","43","1996-04-08 00:43:31"
"813","59","2006-09-02 15:52:59"
"814","46","2022-03-04 08:51:16"
"815","95","2020-12-19 16:41:00"
"816","56","2021-12-01 17:14:19"
"817","42","2016-08-02 14:10:19"
"818","3","2023-05-01 09:36:50"
"819","94","2008-02-09 21:19:21"
"820","50","2018-08-07 13:20:44"
"821","30","1999-10-25 04:23:15"
"822","98","1998-04-26 15:14:18"
"823","71","2021-09-14 15:53:35"
"824","95","2010-03-19 21:13:39"
"825","42","1984-08-05 17:04:51"
"826","12","1992-06-20 16:20:19"
"827","95","1984-11-23 03:26:49"
"828","23","1978-06-30 03:29:45"
"829","5","2015-04-11 12:02:12"
"830","1","1989-02-06 03:47:34"
"831","21","1982-12-05 07:50:16"
"832","82","1993-03-07 11:12:07"
"833","19","1982-01-13 06:35:52"
"834","26","1998-10-07 07:19:34"
"835","58","1980-05-17 00:50:39"
"836","45","1977-01-14 06:58:18"
"837","29","1992-10-30 02:54:41"
"838","77","1982-04-16 15:45:07"
"839","17","2016-04-11 15:38:33"
"840","9","1974-04-18 14:58:44"
"841","76","2017-06-18 05:30:53"
"842","14","2014-05-08 03:13:18"
"843","37","1973-03-23 19:00:14"
"844","84","1978-07-11 12:35:50"
"845","77","1988-03-13 10:43:15"
"846","48","1970-07-04 13:21:34"
"847","4","1988-04-26 13:22:37"
"848","14","1986-08-24 19:22:32"
"849","74","2008-05-12 21:14:02"
"850","99","2004-08-26 06:02:13"
"851","11","1986-07-15 06:45:59"
"852","69","2005-06-16 13:53:09"
"853","49","1981-04-26 06:14:07"
"854","5","1999-06-26 07:06:28"
"855","1","1975-05-13 10:55:53"
"856","91","1996-08-29 16:37:13"
"857","62","1993-12-23 23:27:18"
"858","41","1974-02-06 03:33:38"
"859","26","2004-04-06 23:09:48"
"860","95","1986-04-06 01:24:57"
"861","0","1977-03-20 09:12:41"
"862","56","1976-08-06 19:35:23"
"863","92","1971-04-13 01:34:15"
"864","93","2023-08-05 03:20:20"
"865","22","2009-09-08 12:08:31"
"866","31","1990-02-24 23:07:16"
"867","49","2021-09-02 18:52:52"
"868","23","2002-02-25 13:10:49"
"869","4","2009-04-02 00:11:51"
"870","44","1971-12-14 03:25:17"
"871","77","1995-07-28 00:02:45"
"872","98","2006-02-15 05:12:17"
"873","54","2007-10-24 21:51:45"
"874","80","1975-09-22 22:23:07"
"875","27","2008-12-08 18:35:02"
"876","81","1988-06-11 15:11:49"
"877","1","1987-07-27 16:16:16"
"878","31","1972-12-08 10:16:54"
"879","56","2012-05-21 13:35:27"
"880","91","2011-07-09 12:54:53"
"881","51","2007-02-23 06:31:43"
"882","34","2010-04-07 09:54:58"
"883","20","1999-11-24 10:03:27"
"884","35","2013-05-21 02:36:45"
"885","58","1988-09-06 07:30:50"
"886","64","1990-09-23 21:09:51"
"887","38","2016-03-02 18:24:23"
"888","50","2013-08-26 17:41:34"
"889","93","2020-04-22 20:34:13"
"890","97","1970-03-13 03:50:44"
"891","2","2011-11-26 23:31:36"
"892","3","1992-06-19 01:57:13"
"893","79","2016-07-12 08:16:52"
"894","97","1997-10-10 07:55:53"
"895","69","1971-03-14 02:57:54"
"896","57","1979-02-07 09:31:28"
"897","45","1988-03-28 04:05:01"
"898","38","1991-03-26 14:16:16"
"899","70","2020-12-18 15:05:07"
"900","77","1976-12-12 09:52:34"
"901","75","2003-07-06 04:12:42"
"902","27","2008-10-17 14:53:33"
"903","5","2021-04-05 23:50:45"
"904","18","2009-12-04 17:51:08"
"905","50","2006-01-18 07:57:02"
"906","59","1980-01-31 00:45:37"
"907","41","1992-05-11 16:41:47"
"908","59","2016-03-01 17:30:18"
"909","21","1977-07-14 21:49:41"
"910","70","2021-09-01 17:18:12"
"911","34","1986-06-07 16:23:56"
"912","3","1986-11-05 03:27:15"
"913","61","1998-05-30 07:53:09"
"914","10","1980-06-20 22:37:59"
"915","64","1970-08-02 11:03:01"
"916","39","2003-08-30 23:50:27"
"917","37","1978-07-06 17:47:21"
"918","63","1971-08-27 12:26:49"
"919","77","1977-06-09 06:08:11"
"920","93","2000-05-25 16:17:53"
"921","82","1995-06-23 13:55:23"
"922","6","1972-05-21 10:23:16"
"923","60","1986-01-18 16:26:55"
"924","0","1978-06-12 21:41:44"
"925","39","2016-04-12 05:39:41"
"926","52","2000-06-07 00:20:54"
"927","88","1990-12-27 06:21:26"
"928","83","1980-08-06 00:56:25"
"929","29","2001-10-04 23:42:33"
"930","54","1987-01-23 13:09:10"
"931","68","2017-03-17 10:33:24"
"932","88","1981-07-03 04:44:25"
"933","34","2003-01-11 04:08:16"
"934","31","1983-07-03 01:27:08"
"935","89","1986-04-13 18:47:44"
"936","40","2002-02-15 12:15:53"
"937","15","2008-08-10 01:17:18"
"938","32","1984-02-04 00:31:20"
"939","12","1985-01-20 07:13:55"
"940","46","2006-05-15 03:08:33"
"941","84","2009-12-02 10:22:18"
"942","30","2006-12-17 23:53:27"
"943","59","2004-01-02 01:11:03"
"944","51","1987-10-23 05:59:20"
"945","25","1993-09-01 08:58:22"
"946","21","1975-07-01 06:42:19"
"947","59","1985-01-24 18:04:24"
"948","36","1986-11-04 08:42:32"
"949","24","2004-07-12 21:36:22"
"950","67","1976-06-25 07:16:23"
"951","31","2010-11-01 17:38:23"
"952","0","2012-08-04 01:43:38"
"953","24","2013-07-20 21:46:37"
"954","94","1973-11-10 18:58:27"
"955","99","1987-01-13 16:54:26"
"956","44","2021-11-11 23:32:30"
"957","48","2004-02-16 10:25:21"
"958","94","1983-04-14 13:51:48"
"959","40","1999-09-06 20:37:36"
"960","56","1980-11-06 06:13:45"
"961","1","1973-07-12 04:46:34"
"962","68","1976-03-12 16:39:00"
"963","61","1994-06-04 22:00:36"
"964","93","2013-02-07 11:20:44"
"965","53","2015-09-04 10:05:44"
"966","73","1970-12-23 21:59:34"
"967","75","2018-07-25 15:54:09"
"968","64","2023-10-11 17:19:44"
"969","94","2010-03-27 02:20:42"
"970","63","1979-07-23 21:47:36"
"971","28","2016-01-08 02:37:11"
"972","12","2009-07-06 08:07:20"
"973","17","2005-03-28 05:07:11"
"974","44","2009-05-09 14:19:24"
"975","78","1982-11-25 14:36:20"
"976","76","1996-04-17 18:00:25"
"977","18","2003-02-12 14:52:25"
"978","72","2002-08-17 20:57:13"
"979","72","2002-05-31 15:24:48"
"980","93","1971-10-31 12:18:34"
"981","75","1977-04-07 15:59:44"
"982","94","2015-07-23 17:28:45"
"983","34","2004-08-15 01:22:30"
"984","98","2014-05-29 04:38:12"
"985","29","2016-01-05 02:20:44"
"986","83","2010-01-14 17:20:08"
"987","45","1988-09-11 10:48:03"
"988","36","1988-06-02 07:55:52"
"989","67","1983-03-09 09:05:04"
"990","76","1976-08-20 11:43:03"
"991","60","2021-03-12 03:26:29"
"992","78","2019-04-12 03:58:37"
"993","51","1988-10-26 07:43:48"
"994","39","1982-02-04 14:56:38"
"995","26","2020-10-14 08:44:04"
"996","12","1983-03-27 22:49:19"
"997","59","1996-10-15 11:50:15"
"998","56","1978-04-12 05:11:36"
"999","97","1986-11-04 10:49:16"
"1000","53","1994-10-23 12:14:01"
